tipo_credito,capital_prestado,plazo_meses,edad_cliente,tipo_laboral,salario_cliente,total_otros_prestamos,cuota_pactada,puntaje,puntaje_datacredito,cant_creditosvigentes,huella_consulta,saldo_mora,saldo_total,saldo_principal,saldo_mora_codeudor,creditos_sectorFinanciero,creditos_sectorCooperativo,creditos_sectorReal,promedio_ingresos_datacredito,tendencia_ingresos,prediction,timestamp
4,540002,6,36,Empleado,2600000,450000,80278,95.227787,716.0,5,4,0.0,94567.44,59664.0,0.0,3,0,0,737660.0,Creciente,0.6151012182235718,2026-08-22 23:12:57.792521
4,1800000,24,29,Empleado,2308000,797000,84799,95.227787,708.0,5,8,0.0,-9952.87,47170.0,0.0,2,0,2,,,0.7612218856811523,2026-08-22 23:12:57.792521
4,1742402,6,34,Empleado,2810000,1420000,262264,95.227787,808.0,4,4,0.0,114396.896,62752.0,0.0,1,0,1,,,0.7908563017845154,2026-08-22 23:12:57.792521
4,1790283,12,27,Independiente,3000000,500000,140468,95.227787,722.0,5,9,0.0,7431.012,5436.0,0.0,1,0,0,1047377.0,Creciente,0.7295991778373718,2026-08-22 23:12:57.792521
4,4541880,12,54,Empleado,3000000,1200000,315408,95.227787,827.0,4,1,0.0,709.925,1945.0,0.0,3,0,0,,,0.9427199959754944,2026-08-22 23:12:57.792521
9,1839302,11,36,Empleado,3000000,1800000,155990,95.227787,906.0,5,3,0.0,76343.204,87953.0,0.0,3,0,0,3331345.0,Creciente,0.9909909963607788,2026-08-22 23:12:57.792521
4,1307881,6,48,Empleado,4000000,800000,194432,95.227787,844.0,15,6,0.0,49718.198,66135.0,0.0,3,3,7,908526.0,Estable,0.9874917268753052,2026-08-22 23:12:57.792521
9,1269002,8,34,Independiente,5000000,2000000,132296,91.410695,747.0,24,9,0.0,371459.916,154323.0,0.0,5,1,14,925545.0,Creciente,0.6853649616241455,2026-08-22 23:12:57.792521
4,1200000,12,47,Empleado,1400000,400000,94042,95.227787,831.0,3,5,0.0,-410.176,1508.0,0.0,1,0,0,966599.0,Estable,0.9624322652816772,2026-08-22 23:12:57.792521
4,1358160,6,40,Independiente,1910000,0,204449,95.227787,767.0,1,0,0.0,-2.156,44.0,0.0,0,0,0,,,0.8721791505813599,2026-08-22 23:12:57.792521
4,1657080,24,31,Empleado,1400000,400000,72844,95.227787,744.0,7,11,0.0,13546.62,29070.0,0.0,5,0,1,1308500.0,Creciente,0.41678962111473083,2026-08-22 23:12:57.792521
4,622213,6,46,Empleado,1730000,739000,95399,95.227787,731.0,10,6,0.0,-325.248,3696.0,0.0,0,0,10,,,0.868724524974823,2026-08-22 23:12:57.792521
4,1200000,6,52,Empleado,1334000,472000,183267,95.227787,711.0,6,1,0.0,2856.183,23221.0,0.0,0,2,1,1822682.0,Creciente,0.9374305009841919,2026-08-22 23:12:57.792521
4,962846,10,37,Empleado,4500000,1000000,88909,95.227787,836.0,3,2,0.0,60514.44,35430.0,0.0,2,0,0,4647897.0,Creciente,0.987695574760437,2026-08-22 23:12:57.792521
9,1434911,10,66,Empleado,4000000,2000000,122214,95.227787,859.0,3,4,0.0,4836.678,7581.0,0.0,1,2,0,1409344.0,Creciente,0.7415125966072083,2026-08-22 23:12:57.792521
4,14400002,10,47,Independiente,10000000,5000000,1331030,95.227787,809.0,4,3,0.0,63805.626,35487.0,0.0,2,0,1,,,0.9716225266456604,2026-08-22 23:12:57.792521
9,2213972,9,32,Empleado,7750000,2981000,209446,95.227787,672.0,21,19,0.0,55447.119,67701.0,0.0,10,0,9,973011.0,Creciente,0.7417626976966858,2026-08-22 23:12:57.792521
4,1980000,10,43,Independiente,5500000,800000,184170,95.227787,750.0,8,8,0.0,17029.416,34968.0,0.0,3,3,1,850000.0,Creciente,0.6885231733322144,2026-08-22 23:12:57.792521
9,2240567,5,45,Empleado,3500000,2000000,364016,95.227787,817.0,4,2,0.0,31948.848,20208.0,0.0,3,0,0,3432732.0,Creciente,0.9571799039840698,2026-08-22 23:12:57.792521
4,1290481,6,34,Independiente,10000000,4500000,191322,95.227787,719.0,8,6,0.0,45532.574,30203.0,0.0,1,1,3,,,0.5460566878318787,2026-08-22 23:12:57.792521
4,1440002,6,57,Independiente,3000000,1000000,213509,95.227787,773.0,7,4,0.0,42603.076,26041.0,0.0,3,0,2,,,0.9133650064468384,2026-08-22 23:12:57.792521
9,3130384,11,41,Empleado,2000000,1000000,243552,91.99794,822.0,8,2,0.0,990.369,19419.0,0.0,6,0,1,,,0.9469098448753357,2026-08-22 23:12:57.792521
4,1584000,6,44,Independiente,5000000,1400000,235481,95.227787,834.0,3,4,0.0,1325.232,8372.0,0.0,1,0,2,939017.0,Creciente,0.9396862387657166,2026-08-22 23:12:57.792521
4,3960000,12,43,Independiente,1500000,100000,313006,91.99794,774.0,5,1,0.0,-78.672,596.0,0.0,0,0,3,925157.0,Creciente,0.8321933746337891,2026-08-22 23:12:57.792521
9,1269000,5,43,Independiente,5000000,2000000,205810,95.227787,740.0,11,4,0.0,480.168,9234.0,0.0,7,0,1,954545.0,Creciente,0.799622654914856,2026-08-22 23:12:57.792521
4,1915200,6,27,Empleado,2000000,500000,284254,95.227787,779.0,3,3,0.0,0.0,0.0,0.0,3,0,0,1982008.0,Creciente,0.7007510662078857,2026-08-22 23:12:57.792521
9,2013628,9,58,Independiente,8000000,4000000,188235,95.227787,817.0,1,2,0.0,3.111,61.0,0.0,0,0,0,916841.0,Creciente,0.6956136226654053,2026-08-22 23:12:57.792521
4,2904000,6,63,Independiente,2000000,200000,433492,95.227787,813.0,4,5,0.0,256.158,798.0,0.0,2,0,0,,,0.7730667591094971,2026-08-22 23:12:57.792521
4,4128001,6,35,Independiente,6270000,2282000,625577,95.227787,843.0,6,4,0.0,77716.32,54120.0,0.0,3,0,1,984754.0,Creciente,0.940139889717102,2026-08-22 23:12:57.792521
4,1675083,6,43,Independiente,3000000,700000,248965,95.227787,769.0,6,8,0.0,13628.048,7184.0,0.0,3,0,2,945115.0,Creciente,0.9788511991500854,2026-08-22 23:12:57.792521
4,1397761,12,41,Independiente,1600000,500000,97067,95.227787,732.0,9,4,0.0,-9399.3,17119.0,0.0,6,0,1,,,0.7153449654579163,2026-08-22 23:12:57.792521
4,4113602,6,46,Independiente,12000000,3500000,610564,95.227787,878.0,9,7,0.0,278380.644,162132.0,0.0,5,1,1,1378277.0,Creciente,0.8771893978118896,2026-08-22 23:12:57.792521
4,1967880,12,30,Empleado,4500000,1500000,136658,95.227787,746.0,4,8,0.0,3150.609,6523.0,0.0,2,0,0,3940740.0,Creciente,0.8334567546844482,2026-08-22 23:12:57.792521
4,1131840,6,48,Empleado,3062770,0,170950,95.227787,872.0,1,2,0.0,0.0,0.0,0.0,1,0,0,3062770.0,Decreciente,0.9041932821273804,2026-08-22 23:12:57.792521
4,1800000,12,34,Empleado,3200000,800000,140970,95.227787,729.0,7,4,0.0,371.625,2688.0,0.0,3,0,2,,,0.973857045173645,2026-08-22 23:12:57.792521
10,3678481,24,58,Empleado,1200000,200000,160809,95.227787,747.0,4,3,0.0,31631.082,17976.0,0.0,0,1,3,1122000.0,Estable,0.5525797605514526,2026-08-22 23:12:57.792521
4,551640,12,48,Empleado,1800000,500000,38308,91.99794,740.0,3,13,0.0,6887.506,82982.0,0.0,3,0,0,867229.0,Estable,0.6532546877861023,2026-08-22 23:12:57.792521
4,2100961,6,59,Empleado,4000000,1200000,311837,95.227787,843.0,5,2,0.0,87432.89,90137.0,0.0,1,2,1,,,0.983616828918457,2026-08-22 23:12:57.792521
4,1310400,6,38,Independiente,2238000,510000,201227,95.227787,735.0,6,7,0.0,-982.293,3471.0,0.0,0,0,4,,,0.7935408353805542,2026-08-22 23:12:57.792521
4,3810309,12,55,Empleado,3000000,1000000,297986,95.227787,788.0,9,3,0.0,18937.818,51322.0,0.0,2,1,4,992011.0,Decreciente,0.8811644315719604,2026-08-22 23:12:57.792521
4,1466402,6,54,Independiente,4800000,1500000,217403,95.227787,841.0,11,7,0.0,172656.0,98641.0,0.0,6,2,1,,,0.9094868898391724,2026-08-22 23:12:57.792521
4,1583642,6,40,Empleado,1720000,1641000,239189,95.227787,816.0,8,4,0.0,28104.669,85947.0,0.0,5,0,0,,,0.982882559299469,2026-08-22 23:12:57.792521
4,887882,6,59,Independiente,2000000,500000,131964,95.227787,820.0,6,0,0.0,9657.648,5148.0,0.0,3,1,1,,,0.9805490374565125,2026-08-22 23:12:57.792521
4,684601,6,54,Independiente,3800000,900000,103156,95.227787,787.0,7,3,0.0,59826.443,72167.0,0.0,4,1,1,908526.0,Estable,0.958268404006958,2026-08-22 23:12:57.792521
4,1141200,6,50,Empleado,2000000,800000,169499,95.227787,873.0,5,2,0.0,159.822,4098.0,0.0,3,0,1,,,0.9283668994903564,2026-08-22 23:12:57.792521
4,1632000,12,41,Empleado,2000000,1500000,128588,95.227787,802.0,3,5,0.0,356.406,1146.0,0.0,2,0,0,,,0.888516902923584,2026-08-22 23:12:57.792521
9,3084343,10,53,Independiente,3000000,2000000,262286,95.227787,801.0,12,5,0.0,61648.358,20950.0,0.0,6,3,1,,,0.8586375117301941,2026-08-22 23:12:57.792521
4,2976601,6,25,Empleado,6500000,3500000,441299,95.227787,830.0,3,11,0.0,235936.302,160174.0,0.0,1,0,2,3538125.0,Creciente,0.8901371359825134,2026-08-22 23:12:57.792521
4,2001781,6,47,Empleado,4200000,1100000,297319,95.227787,767.0,7,2,0.0,15165.87,18840.0,0.0,4,0,2,3808949.0,Creciente,0.944718599319458,2026-08-22 23:12:57.792521
9,1370717,2,30,Independiente,5000000,2000000,540067,95.227787,707.0,6,0,0.0,-25359.543,115797.0,,2,0,4,,,0.8826996088027954,2026-08-22 23:12:57.792521
9,3493441,12,45,Independiente,17000000,9000000,242600,95.227787,883.0,16,8,0.0,352738.464,166327.0,0.0,13,0,1,2210343.0,Creciente,0.9275444149971008,2026-08-22 23:12:57.792521
4,3529501,12,64,Empleado,5000000,2500000,276929,95.227787,859.0,4,3,0.0,3.565,5.0,0.0,2,0,1,916841.0,Creciente,0.7670586109161377,2026-08-22 23:12:57.792521
9,1608882,10,122,Empleado,36242000,33560000,136816,95.227787,0.0,0,0,,0.0,,,0,0,0,,,0.7044458985328674,2026-08-22 23:12:57.792521
4,3230388,12,64,Empleado,2000000,500000,224333,95.227787,900.0,6,2,0.0,-14930.068,63263.0,0.0,4,0,0,1524348.0,Creciente,0.9397107362747192,2026-08-22 23:12:57.792521
4,1169762,6,46,Empleado,2500000,1000000,173623,95.227787,770.0,8,1,0.0,2270.754,1179.0,0.0,1,0,2,,,0.9859408736228943,2026-08-22 23:12:57.792521
4,1200001,6,27,Empleado,2600000,650000,166667,10.073146,815.0,4,6,0.0,2091.744,1944.0,0.0,1,0,1,,,0.7944604754447937,2026-08-22 23:12:57.792521
9,1006680,10,57,Empleado,1500000,500000,85382,91.728786,794.0,1,1,0.0,34.738,3158.0,0.0,1,0,0,615779.0,Decreciente,0.7629126310348511,2026-08-22 23:12:57.792521
4,2303882,12,46,Independiente,3000000,1800000,159992,95.227787,847.0,6,2,0.0,96156.33,10770.0,0.0,2,3,0,1832297.0,Creciente,0.9585145711898804,2026-08-22 23:12:57.792521
4,3060000,12,35,Empleado,1900000,300000,239649,95.227787,725.0,12,3,0.0,790.704,19291.0,0.0,6,0,3,1207326.0,Decreciente,0.6306567192077637,2026-08-22 23:12:57.792521
9,1712669,9,30,Empleado,3200000,1500000,159948,95.227787,818.0,5,5,0.0,4063.136,2618.0,0.0,2,0,1,3549567.0,Creciente,0.9397528767585754,2026-08-22 23:12:57.792521
4,1708802,12,31,Independiente,1500000,400000,134084,95.227787,796.0,10,2,0.0,10983.174,6393.0,0.0,5,0,1,,,0.8934459686279297,2026-08-22 23:12:57.792521
4,5316000,12,29,Empleado,5000000,500000,416331,95.227787,771.0,7,6,0.0,453.696,4726.0,0.0,6,0,0,6356666.0,Creciente,0.788008987903595,2026-08-22 23:12:57.792521
9,2670514,9,40,Independiente,4500000,1800000,250000,2.794234,776.0,3,13,0.0,1852.224,2112.0,0.0,0,0,1,,,0.8967837691307068,2026-08-22 23:12:57.792521
4,541081,6,26,Independiente,2500000,1000000,80638,95.227787,715.0,4,3,0.0,2036.295,1665.0,0.0,0,0,2,946640.0,Creciente,0.8293882012367249,2026-08-22 23:12:57.792521
4,671760,6,37,Empleado,1500000,800000,99865,95.227787,780.0,6,2,0.0,2696.13,6367.0,0.0,3,1,2,1401449.0,Decreciente,0.8997024297714233,2026-08-22 23:12:57.792521
4,2983021,6,55,Independiente,4000000,500000,441845,95.227787,875.0,7,0,0.0,27393.303,45129.0,0.0,6,0,0,,,0.9627726078033447,2026-08-22 23:12:57.792521
4,3032281,6,36,Empleado,4000000,940000,450786,95.227787,799.0,11,6,0.0,85826.31,171310.0,0.0,6,0,3,,,0.5161574482917786,2026-08-22 23:12:57.792521
4,1056001,10,22,Empleado,1200000,300000,98472,91.410695,704.0,2,5,0.0,106.395,173.0,0.0,0,0,1,516667.0,Creciente,0.3841274678707123,2026-08-22 23:12:57.792521
4,1654681,6,42,Empleado,2000000,0,245988,95.227787,822.0,1,3,0.0,0.0,0.0,0.0,1,0,0,1588233.0,Decreciente,0.7359987497329712,2026-08-22 23:12:57.792521
4,2781000,24,36,Empleado,3600000,2000000,122227,95.227787,777.0,5,5,0.0,2545.247,15241.0,0.0,2,0,1,4159466.0,Creciente,0.9714223742485046,2026-08-22 23:12:57.792521
4,3939841,12,28,Independiente,26000000,12000000,308555,95.227787,820.0,13,6,0.0,307279.424,277328.0,0.0,12,0,0,909140.0,Creciente,0.8271276354789734,2026-08-22 23:12:57.792521
9,1538257,10,22,Empleado,4000000,1500000,130468,91.99794,672.0,10,8,0.0,14851.848,24508.0,0.0,1,1,7,2344073.0,Creciente,0.7010791897773743,2026-08-22 23:12:57.792521
9,1604400,8,48,Independiente,5000000,2000000,167406,95.227787,832.0,15,1,0.0,34440.432,110386.0,,6,0,6,,,0.9729544520378113,2026-08-22 23:12:57.792521
9,3450366,3,47,Empleado,5000000,3000000,915656,95.227787,797.0,12,3,0.0,45201.65,64025.0,0.0,3,0,9,1427131.0,Creciente,0.9424638748168945,2026-08-22 23:12:57.792521
9,2534839,10,42,Independiente,1562000,1820000,219759,95.227787,709.0,5,3,0.0,10600.218,5582.0,0.0,0,1,1,,,0.894485354423523,2026-08-22 23:12:57.792521
9,1193591,9,50,Independiente,3742000,1742000,111738,95.227787,893.0,4,3,0.0,32629.726,17374.0,0.0,2,1,0,,,0.7870780825614929,2026-08-22 23:12:57.792521
4,4276800,18,51,Independiente,5000000,2500000,236289,95.227787,805.0,9,6,0.0,47451.366,122931.0,0.0,7,0,0,913677.0,Creciente,0.893997848033905,2026-08-22 23:12:57.792521
4,2085601,12,36,Empleado,3162000,800000,163337,95.227787,813.0,7,4,0.0,149368.128,11205.0,0.0,3,0,0,3198620.0,Creciente,0.9850901365280151,2026-08-22 23:12:57.792521
4,820575,6,64,Empleado,1500000,10000,122078,95.227787,871.0,2,3,0.0,322.542,543.0,0.0,1,0,0,923771.0,Creciente,0.963590681552887,2026-08-22 23:12:57.792521
4,1613881,6,43,Independiente,7000000,3500000,240520,95.227787,751.0,17,10,0.0,541731.224,607322.0,0.0,16,0,0,,,0.4282838702201843,2026-08-22 23:12:57.792521
4,2437202,24,36,Empleado,2000000,0,84625,-18.471029,758.0,2,16,0.0,96.25,55.0,0.0,0,0,0,1246874.0,Decreciente,0.10378754138946533,2026-08-22 23:12:57.792521
4,1096081,12,53,Independiente,2500000,700000,86113,95.227787,804.0,2,2,0.0,1017.87,1110.0,0.0,0,1,0,928853.0,Creciente,0.9370987415313721,2026-08-22 23:12:57.792521
4,1827481,12,38,Independiente,2000000,590000,126908,95.227787,760.0,5,5,0.0,1222.848,1056.0,0.0,2,0,2,616333.0,Estable,0.7398553490638733,2026-08-22 23:12:57.792521
9,821209,4,56,Independiente,5000000,2000000,165146,95.227787,719.0,9,4,0.0,6593.326,10286.0,0.0,2,0,4,1000000.0,Estable,0.916746973991394,2026-08-22 23:12:57.792521
4,637202,6,46,Independiente,2100000,600000,95112,95.227787,722.0,6,5,0.0,8606.689,4537.0,0.0,3,0,1,,,0.6710205078125,2026-08-22 23:12:57.792521
9,1859480,2,55,Independiente,3000000,1800000,732964,95.227787,695.0,5,0,0.0,-684.666,1674.0,,1,0,1,,,0.9270458221435547,2026-08-22 23:12:57.792521
9,3546867,10,122,Empleado,7300503,785980,300829,95.227787,0.0,0,0,,0.0,,,0,0,0,,,0.6448259353637695,2026-08-22 23:12:57.792521
4,2960760,12,39,Empleado,2500000,650000,233164,95.227787,831.0,6,2,0.0,524.88,1944.0,0.0,4,0,1,1374876.0,Creciente,0.9866670966148376,2026-08-22 23:12:57.792521
9,5323565,10,24,Independiente,1326000,1560000,467059,95.227787,640.0,3,5,0.0,2684.184,2328.0,0.0,1,0,0,,,0.5017189979553223,2026-08-22 23:12:57.792521
4,3272640,12,28,Empleado,2086637,230000,261018,95.227787,740.0,3,5,0.0,-109.305,3123.0,0.0,3,0,0,1865394.0,Decreciente,0.6203750967979431,2026-08-22 23:12:57.792521
4,1814400,12,67,Independiente,1500000,0,143839,95.227787,798.0,11,5,0.0,3933.376,11992.0,0.0,2,0,5,,,0.5387293696403503,2026-08-22 23:12:57.792521
4,1550282,12,60,Independiente,2000000,1000000,122551,95.227787,853.0,8,8,0.0,36494.64,38990.0,0.0,3,0,3,,,0.8641442060470581,2026-08-22 23:12:57.792521
4,1022400,6,23,Empleado,5000000,1000000,151473,95.227787,752.0,3,4,0.0,172.556,716.0,0.0,1,0,2,,,0.7172719836235046,2026-08-22 23:12:57.792521
9,7748217,10,43,Independiente,8000000,3000000,658893,91.99794,816.0,10,1,0.0,324137.333,228749.0,0.0,5,0,2,1150000.0,Estable,0.9457945227622986,2026-08-22 23:12:57.792521
4,1181880,12,45,Empleado,4200000,1200000,82075,95.227787,772.0,8,3,0.0,7506.663,49713.0,0.0,2,0,2,3086343.0,Decreciente,0.9395545721054077,2026-08-22 23:12:57.792521
9,3393500,11,28,Empleado,3782500,860000,268108,95.227787,791.0,4,3,0.0,-1842.438,40053.0,0.0,1,1,1,5616666.0,Creciente,0.9782803058624268,2026-08-22 23:12:57.792521
4,2232000,12,69,Independiente,6500000,2000000,175356,95.227787,838.0,8,7,0.0,-3306.78,165339.0,0.0,5,0,2,626011.0,Creciente,0.9184896349906921,2026-08-22 23:12:57.792521
4,2040002,24,60,Empleado,1850000,303000,97165,95.227787,767.0,6,8,0.0,8822.061,5337.0,0.0,0,0,4,1033726.0,Creciente,0.6013941764831543,2026-08-22 23:12:57.792521
4,1782961,12,68,Empleado,2500000,1600000,123817,95.227787,789.0,4,1,0.0,0.0,0.0,0.0,0,0,0,3056049.0,Creciente,0.9865211248397827,2026-08-22 23:12:57.792521
9,3919355,5,122,Empleado,12347546,1107465,637502,95.227787,0.0,0,0,,0.0,,,0,0,0,,,0.506377100944519,2026-08-22 23:12:57.792521
4,577358,6,28,Empleado,1500000,500000,85518,95.227787,838.0,1,0,0.0,0.0,0.0,0.0,1,0,0,971334.0,Creciente,0.7149032950401306,2026-08-22 23:12:57.792521
4,885480,6,36,Independiente,4000000,1000000,132172,95.227787,763.0,4,3,0.0,-2956.57,8545.0,0.0,2,0,0,892289.0,Creciente,0.6192396283149719,2026-08-22 23:12:57.792521
4,4671121,24,36,Empleado,13000000,4000000,205299,95.227787,789.0,13,7,0.0,-74001.249,194229.0,0.0,9,0,0,9507321.0,Creciente,0.9642925262451172,2026-08-22 23:12:57.792521
4,1199880,6,39,Empleado,1200000,500000,178377,95.227787,834.0,3,0,0.0,-2.847,39.0,0.0,1,0,0,1023333.0,Creciente,0.9800847172737122,2026-08-22 23:12:57.792521
4,1008002,6,63,Empleado,3000000,1000000,150224,95.227787,834.0,9,11,0.0,53825.079,33287.0,0.0,6,0,2,,,0.9107556939125061,2026-08-22 23:12:57.792521
4,3600002,12,59,Empleado,1500000,200000,284583,95.227787,797.0,3,4,0.0,47612.25,27207.0,0.0,2,0,1,931394.0,Creciente,0.6701213717460632,2026-08-22 23:12:57.792521
4,1997682,6,45,Independiente,4000000,1600000,297718,95.227787,764.0,3,5,0.0,54969.488,40688.0,0.0,1,1,1,,,0.7553716897964478,2026-08-22 23:12:57.792521
4,2799361,12,27,Empleado,3400000,500000,194400,95.227787,760.0,6,0,0.0,61842.924,58014.0,,2,0,3,,,0.9847602248191833,2026-08-22 23:12:57.792521
4,784264,6,31,Empleado,1300000,350000,116405,95.227787,777.0,0,6,0.0,0.0,,,0,0,0,,,0.9090381860733032,2026-08-22 23:12:57.792521
4,3873600,6,38,Independiente,16000000,6000000,577254,95.227787,740.0,9,14,0.0,-30059.848,114296.0,0.0,4,0,1,969508.0,Creciente,0.7062305808067322,2026-08-22 23:12:57.792521
9,878881,5,55,Independiente,4000000,2000000,142581,84.730786,818.0,9,2,0.0,54026.592,44724.0,0.0,3,0,3,732877.0,Creciente,0.9621679186820984,2026-08-22 23:12:57.792521
9,1498993,3,52,Independiente,4000000,2000000,397569,95.227787,822.0,7,0,0.0,8091.972,13692.0,,2,0,2,,,0.9424015283584595,2026-08-22 23:12:57.792521
4,1311601,12,49,Empleado,3800000,400000,102910,76.91269,774.0,10,6,0.0,61700.106,45942.0,0.0,6,0,3,903405.0,Creciente,0.8236773014068604,2026-08-22 23:12:57.792521
4,3276841,36,32,Empleado,4750000,2000000,106298,95.227787,732.0,8,8,0.0,37465.39,39730.0,0.0,3,0,1,3675000.0,Creciente,0.5475409626960754,2026-08-22 23:12:57.792521
9,1185660,4,44,Independiente,5000000,2000000,238437,95.227787,835.0,5,2,0.0,3045.13,44205.0,0.0,4,0,1,,,0.9913638830184937,2026-08-22 23:12:57.792521
4,511201,6,22,Empleado,908526,564000,76559,95.227787,707.0,6,8,0.0,4006.912,5824.0,0.0,3,0,2,809634.0,Decreciente,0.3507470190525055,2026-08-22 23:12:57.792521
9,1868232,10,46,Empleado,2000000,1500000,158704,95.227787,877.0,5,0,0.0,2211.232,1376.0,0.0,3,0,0,1756872.0,Creciente,0.9736676216125488,2026-08-22 23:12:57.792521
4,828000,6,45,Empleado,2200000,1500000,122767,95.227787,751.0,6,5,0.0,-12874.14,16398.0,0.0,5,1,0,1110789.0,Creciente,0.9620158672332764,2026-08-22 23:12:57.792521
4,2984520,12,53,Empleado,2000000,800000,233737,95.227787,827.0,4,2,0.0,-2794.001,6307.0,0.0,1,0,1,,,0.9667537212371826,2026-08-22 23:12:57.792521
4,7096561,12,38,Independiente,3866000,1200000,492817,95.227787,748.0,4,3,0.0,18627.28,10730.0,0.0,2,0,0,1580624.0,Decreciente,0.3506070077419281,2026-08-22 23:12:57.792521
4,1679880,6,39,Empleado,1800000,350000,233317,95.227787,786.0,1,2,0.0,0.0,0.0,0.0,0,0,0,908526.0,Creciente,0.8750330805778503,2026-08-22 23:12:57.792521
9,2616928,8,64,Empleado,5000000,4000000,273291,95.227787,831.0,6,2,0.0,45984.848,126332.0,0.0,5,0,0,1278782.0,Creciente,0.9622403383255005,2026-08-22 23:12:57.792521
4,904535,12,30,Empleado,2654131,682000,73260,95.227787,741.0,6,3,0.0,30169.746,42469.0,0.0,2,3,0,2735889.0,Creciente,0.9698044657707214,2026-08-22 23:12:57.792521
4,2849281,8,50,Independiente,5000000,750000,322884,44.043534,751.0,8,1,0.0,6150.13,8530.0,0.0,1,1,2,,,0.9259528517723083,2026-08-22 23:12:57.792521
4,3403008,36,32,Empleado,2700000,600000,110901,95.227787,790.0,8,7,0.0,156719.175,128775.0,0.0,6,1,0,2227320.0,Decreciente,0.8222879767417908,2026-08-22 23:12:57.792521
9,5861916,9,57,Empleado,3800000,2700000,549550,95.227787,881.0,2,3,0.0,0.0,0.0,0.0,2,0,0,6575551.0,Decreciente,0.929389476776123,2026-08-22 23:12:57.792521
4,988800,10,41,Independiente,2500000,0,91637,95.227787,797.0,7,3,0.0,13118.637,29883.0,0.0,6,0,1,,,0.926620364189148,2026-08-22 23:12:57.792521
4,1200001,6,46,Empleado,3000000,1000000,177924,95.227787,745.0,5,6,0.0,7917.299,11491.0,0.0,1,1,2,4839231.0,Decreciente,0.894084095954895,2026-08-22 23:12:57.792521
9,2672317,10,61,Independiente,3000000,1500000,226297,95.227787,909.0,5,2,0.0,60690.63,54166.0,0.0,0,1,3,,,0.9706290364265442,2026-08-22 23:12:57.792521
4,1439880,12,28,Empleado,1800000,400000,113264,95.227787,795.0,4,3,0.0,760.5,2008.0,0.0,2,2,0,1701446.0,Decreciente,0.9371072053909302,2026-08-22 23:12:57.792521
9,5582600,10,35,Independiente,4000000,1000000,472745,95.227787,786.0,7,3,0.0,1177.75,673.0,0.0,4,1,2,,,0.8762872219085693,2026-08-22 23:12:57.792521
4,828000,6,29,Empleado,1500000,400000,123398,95.227787,770.0,8,2,0.0,1550.465,10003.0,0.0,2,0,4,874611.0,Creciente,0.912460207939148,2026-08-22 23:12:57.792521
4,3600002,18,34,Empleado,3000000,1600000,206840,95.227787,833.0,2,2,0.0,1937.988,1066.0,0.0,1,0,1,,,0.968590497970581,2026-08-22 23:12:57.792521
4,2392681,12,36,Empleado,3000000,700000,166158,95.227787,822.0,4,5,0.0,20103.38,34661.0,0.0,3,0,0,1962342.0,Decreciente,0.989024817943573,2026-08-22 23:12:57.792521
4,1055760,6,30,Empleado,3000000,1000000,157332,95.227787,776.0,3,3,0.0,1513.482,6386.0,0.0,3,0,0,924186.0,Creciente,0.8882825374603271,2026-08-22 23:12:57.792521
9,3231909,7,122,Empleado,10882091,1326704,379618,-20.630232,0.0,0,0,,0.0,,,0,0,0,,,0.2381083369255066,2026-08-22 23:12:57.792521
4,2090760,10,42,Empleado,1800000,500000,193060,95.227787,759.0,5,11,0.0,6160.801,13907.0,0.0,3,0,1,1831122.0,Estable,0.7565188407897949,2026-08-22 23:12:57.792521
9,2630200,9,29,Empleado,4500000,2500000,245638,95.227787,789.0,0,5,0.0,0.0,,,0,0,0,2740531.0,Decreciente,0.9279614090919495,2026-08-22 23:12:57.792521
4,1133979,6,43,Independiente,3000000,1200000,170869,95.227787,855.0,1,3,0.0,0.0,0.0,0.0,0,0,0,961885.0,Creciente,0.7899610996246338,2026-08-22 23:12:57.792521
9,1674078,9,63,Empleado,1500000,600000,156869,91.410695,804.0,3,1,0.0,-6396.1,578.0,0.0,1,0,2,641864.0,Decreciente,0.7962037920951843,2026-08-22 23:12:57.792521
4,3600001,36,57,Empleado,1300000,500000,116567,95.227787,791.0,3,2,0.0,25979.184,16959.0,0.0,2,0,1,877803.0,Estable,0.8223156332969666,2026-08-22 23:12:57.792521
9,3800144,9,44,Independiente,7860000,2505000,359502,95.227787,853.0,7,4,0.0,180086.845,124670.0,0.0,6,0,0,1052842.0,Creciente,0.883922278881073,2026-08-22 23:12:57.792521
9,9827339,9,50,Independiente,4000000,2500000,920866,95.227787,816.0,9,8,0.0,113368.398,72579.0,0.0,3,0,3,946640.0,Creciente,0.9821414947509766,2026-08-22 23:12:57.792521
4,7560001,36,33,Empleado,1200000,450000,247167,95.227787,763.0,3,3,0.0,11386.13,8561.0,0.0,0,1,0,1273807.0,Creciente,0.5966237783432007,2026-08-22 23:12:57.792521
4,8400002,6,53,Empleado,2090000,1014000,1166667,95.227787,802.0,7,6,0.0,155817.87,82662.0,0.0,5,0,2,,,0.9630554914474487,2026-08-22 23:12:57.792521
4,2340098,12,55,Empleado,3500000,2000000,183237,95.227787,870.0,8,0,0.0,263483.5,150202.0,0.0,4,3,1,,,0.9795642495155334,2026-08-22 23:12:57.792521
4,5056560,30,46,Independiente,2300000,695000,198917,95.227787,829.0,4,0,0.0,-5510.048,13088.0,0.0,2,0,1,,,0.82896488904953,2026-08-22 23:12:57.792521
9,1036993,2,122,Empleado,5841415,160000,409059,16.693413,0.0,0,0,,0.0,,,0,0,0,,,0.3124043047428131,2026-08-22 23:12:57.792521
4,936002,12,27,Empleado,2000000,100000,73756,95.227787,763.0,1,4,0.0,946.62,0.0,0.0,0,0,1,363411.0,Decreciente,0.2077876329421997,2026-08-22 23:12:57.792521
4,2859363,24,48,Empleado,5400000,800000,125575,95.227787,787.0,6,15,0.0,1234.312,4456.0,0.0,0,0,2,7111206.0,Decreciente,0.979979395866394,2026-08-22 23:12:57.792521
4,3000000,6,58,Independiente,4106000,660000,462251,95.227787,857.0,3,3,0.0,-6217.02,15660.0,0.0,2,0,0,,,0.7557326555252075,2026-08-22 23:12:57.792521
9,4627578,10,33,Independiente,2000000,800000,392490,47.613894,769.0,0,2,0.0,0.0,,,0,0,0,,,0.17236243188381195,2026-08-22 23:12:57.792521
4,2136001,6,29,Independiente,4000000,1000000,317471,95.227787,717.0,8,11,0.0,68314.618,53246.0,0.0,5,0,1,445185.0,Decreciente,0.7963244915008545,2026-08-22 23:12:57.792521
9,28779582,11,122,Empleado,90107306,68835601,2439394,95.227787,0.0,0,0,,0.0,,,0,0,0,,,0.7814251780509949,2026-08-22 23:12:57.792521
4,996000,12,59,Independiente,1200000,60000,78967,95.227787,850.0,2,0,0.0,66.654,529.0,0.0,1,0,0,,,0.9641603827476501,2026-08-22 23:12:57.792521
4,2182081,24,36,Empleado,1110000,68000,95055,95.227787,717.0,3,10,0.0,13107.36,11703.0,0.0,0,1,2,1237651.0,Decreciente,0.31629011034965515,2026-08-22 23:12:57.792521
9,3713196,11,61,Empleado,3000000,0,314376,95.227787,888.0,3,4,0.0,1347.043,70897.0,0.0,2,0,0,923771.0,Creciente,0.7505167126655579,2026-08-22 23:12:57.792521
9,1902869,10,36,Independiente,3000000,1500000,161138,95.227787,818.0,19,5,0.0,197674.785,79811.0,0.0,5,1,11,,,0.8791753053665161,2026-08-22 23:12:57.792521
4,2813522,12,47,Empleado,3000000,500000,195383,95.227787,829.0,5,3,0.0,109510.447,42163.0,0.0,3,0,1,,,0.9925252199172974,2026-08-22 23:12:57.792521
10,1152001,12,61,Independiente,1200000,0,90221,95.227787,872.0,8,2,0.0,5381.232,4737.0,0.0,1,0,6,,,0.9201653003692627,2026-08-22 23:12:57.792521
4,828663,8,58,Empleado,2000000,400000,94064,95.227787,772.0,7,4,0.0,33198.27,19586.0,0.0,3,0,4,1290483.0,Creciente,0.908601701259613,2026-08-22 23:12:57.792521
4,1619882,6,45,Independiente,2200000,0,244663,95.227787,770.0,0,2,0.0,0.0,,,0,0,0,,,0.6068013906478882,2026-08-22 23:12:57.792521
4,4240082,6,31,Empleado,2200000,1000000,629314,95.227787,792.0,6,5,0.0,13865.424,7652.0,0.0,2,0,2,,,0.7350379824638367,2026-08-22 23:12:57.792521
9,1784716,10,37,Empleado,2100000,300000,151133,70.034986,704.0,4,0,0.0,73745.332,7987.0,0.0,0,0,0,,,0.8926123976707458,2026-08-22 23:12:57.792521
4,5130602,12,40,Empleado,6000000,1600000,403082,95.227787,831.0,11,2,0.0,28137.72,42440.0,0.0,7,0,1,916841.0,Creciente,0.9611353874206543,2026-08-22 23:12:57.792521
4,6240000,6,34,Independiente,2552000,659000,942474,95.227787,795.0,6,3,0.0,1399.2,8745.0,0.0,3,0,0,,,0.742150068283081,2026-08-22 23:12:57.792521
4,3600000,6,39,Empleado,21000000,5000000,534313,95.227787,791.0,3,4,0.0,19217.615,52651.0,0.0,2,0,0,908526.0,Creciente,0.36870110034942627,2026-08-22 23:12:57.792521
4,4977704,18,28,Empleado,2500000,0,276200,29.656192,724.0,6,9,0.0,8665.05,9470.0,0.0,3,0,0,908526.0,Creciente,0.09962020069360733,2026-08-22 23:12:57.792521
4,2884442,12,42,Independiente,3400000,750000,200308,95.227787,796.0,8,3,0.0,11503.7,17698.0,0.0,5,0,1,,,0.9657014608383179,2026-08-22 23:12:57.792521
4,2771879,6,31,Empleado,1990000,992000,417261,95.227787,778.0,7,3,0.0,5972.56,54296.0,0.0,2,1,3,1638802.0,Creciente,0.8944962024688721,2026-08-22 23:12:57.792521
4,2640000,10,26,Empleado,1400000,300000,244022,95.227787,733.0,8,5,0.0,5157.88,15260.0,0.0,1,1,3,1516116.0,Creciente,0.7481106519699097,2026-08-22 23:12:57.792521
4,420001,6,34,Independiente,1500000,500000,62466,95.227787,813.0,8,3,0.0,3190.0,5500.0,0.0,3,0,4,,,0.6449073553085327,2026-08-22 23:12:57.792521
9,1260242,5,29,Independiente,5000000,2000000,204746,95.227787,741.0,10,10,0.0,108929.376,67616.0,0.0,4,0,5,31978.0,Creciente,0.6467688083648682,2026-08-22 23:12:57.792521
4,2448001,6,30,Independiente,3000000,1500000,363578,95.227787,834.0,5,4,0.0,9083.961,10853.0,0.0,4,0,0,863410.0,Estable,0.9180485606193542,2026-08-22 23:12:57.792521
9,1845788,10,45,Empleado,3000000,1400000,157209,95.227787,833.0,6,2,0.0,76830.304,69092.0,0.0,3,0,3,6473478.0,Creciente,0.9918637275695801,2026-08-22 23:12:57.792521
9,773566,6,36,Empleado,2779398,560000,106414,95.227787,763.0,1,3,0.0,33561.278,19366.0,0.0,1,0,0,2861629.0,Creciente,0.9379979968070984,2026-08-22 23:12:57.792521
4,1033201,6,32,Empleado,1400000,300000,153970,95.227787,763.0,17,7,0.0,38118.712,6245.0,0.0,2,1,11,1115112.0,Creciente,0.8593777418136597,2026-08-22 23:12:57.792521
4,3467401,12,33,Empleado,1590000,1590000,240792,95.227787,797.0,5,2,0.0,-13010.56,40658.0,0.0,3,0,1,1677974.0,Decreciente,0.9022871851921082,2026-08-22 23:12:57.792521
4,1307522,18,29,Empleado,2200000,800000,72041,95.227787,762.0,8,8,0.0,139791.078,76514.0,0.0,4,0,1,,,0.9661906361579895,2026-08-22 23:12:57.792521
4,3151202,6,38,Independiente,2500000,1500000,467719,5.267996,794.0,3,3,0.0,1566.902,983.0,0.0,1,0,0,908526.0,Estable,0.2531393766403198,2026-08-22 23:12:57.792521
9,1207217,9,27,Independiente,2000000,1500000,113176,91.410695,718.0,10,18,0.0,12360.942,12639.0,0.0,3,0,2,2725500.0,Estable,0.7499610781669617,2026-08-22 23:12:57.792521
4,3566402,12,42,Empleado,4000000,400000,279261,95.227787,722.0,9,3,0.0,231873.589,143753.0,0.0,5,0,0,5893818.0,Creciente,0.8593670129776001,2026-08-22 23:12:57.792521
4,2484000,6,45,Independiente,3735000,0,384628,95.227787,779.0,1,2,0.0,14.212,68.0,0.0,0,0,0,1240000.0,Creciente,0.8692584037780762,2026-08-22 23:12:57.792521
9,2053570,9,37,Independiente,2300000,1200000,192429,95.227787,862.0,1,2,0.0,0.0,0.0,0.0,1,0,0,,,0.3941915035247803,2026-08-22 23:12:57.792521
9,3763631,9,52,Empleado,5000000,1500000,352332,95.227787,852.0,7,6,0.0,190201.046,334.0,0.0,4,0,0,1517766.0,Creciente,0.8150743246078491,2026-08-22 23:12:57.792521
9,7490104,10,122,Empleado,4067140000,3918433000,636944,42.888527,0.0,0,0,,0.0,,,0,0,0,,,0.5394802093505859,2026-08-22 23:12:57.792521
9,3120010,10,42,Empleado,7000000,4000000,265319,95.227787,862.0,10,6,0.0,64309.882,112583.0,0.0,6,1,0,4136363.0,Creciente,0.8416538238525391,2026-08-22 23:12:57.792521
4,1475880,6,42,Empleado,11230000,1694000,222915,95.227787,832.0,2,4,0.0,29167.084,102701.0,0.0,2,0,0,5978283.0,Creciente,0.9628831148147583,2026-08-22 23:12:57.792521
4,1847759,20,22,Empleado,2250000,340000,100649,95.227787,774.0,4,4,0.0,-548.212,2797.0,0.0,2,0,0,1000000.0,Creciente,0.7743029594421387,2026-08-22 23:12:57.792521
9,667801,8,34,Empleado,1700000,400000,69589,91.028987,769.0,7,3,0.0,14049.438,24999.0,0.0,6,0,0,1513470.0,Creciente,0.946474552154541,2026-08-22 23:12:57.792521
4,2735818,12,38,Empleado,3300000,700000,216908,95.227787,811.0,6,3,0.0,106424.082,78426.0,0.0,3,0,2,2786666.0,Creciente,0.9862980842590332,2026-08-22 23:12:57.792521
4,1096800,6,48,Independiente,15500000,6000000,163715,95.227787,743.0,17,6,0.0,-15794.181,86307.0,0.0,12,0,3,2781260.0,Creciente,0.8681313395500183,2026-08-22 23:12:57.792521
4,1175858,6,59,Empleado,1800000,300000,174885,95.227787,815.0,4,2,0.0,5635.197,3051.0,0.0,1,0,1,,,0.9268889427185059,2026-08-22 23:12:57.792521
4,3032282,6,36,Empleado,3500000,800000,450683,95.227787,833.0,3,13,0.0,38479.328,20381.0,0.0,3,0,0,917673.0,Creciente,0.9452680945396423,2026-08-22 23:12:57.792521
9,3048867,11,47,Independiente,3400000,1400000,237887,95.227787,809.0,2,1,0.0,72832.32,39930.0,0.0,0,0,1,918689.0,Creciente,0.9761670827865601,2026-08-22 23:12:57.792521
4,3864000,8,57,Independiente,7000000,3500000,438615,95.227787,769.0,9,5,0.0,-5109.73,16483.0,0.0,4,0,3,1402083.0,Creciente,0.7806181311607361,2026-08-22 23:12:57.792521
9,1744120,11,42,Empleado,10000000,5000000,135697,95.227787,722.0,8,2,0.0,0.0,0.0,,0,0,8,,,0.9458394050598145,2026-08-22 23:12:57.792521
4,1296001,12,43,Empleado,1100000,150000,101735,95.227787,791.0,6,5,0.0,3700.26,6066.0,0.0,2,0,2,947815.0,Creciente,0.9330822229385376,2026-08-22 23:12:57.792521
4,533762,6,26,Empleado,2560000,751000,80341,95.227787,747.0,6,3,0.0,9179.352,9807.0,0.0,1,0,2,1133333.0,Creciente,0.8039021492004395,2026-08-22 23:12:57.792521
4,11040001,6,52,Independiente,15000000,5000000,1635622,95.227787,833.0,9,6,0.0,197557.435,238186.0,0.0,6,0,0,2200000.0,Estable,0.984742283821106,2026-08-22 23:12:57.792521
